{"cameraMode":{"drawMode":0,"name":"Shaded","section":"Shading Mode"},"sceneLighting":true,"audioPlay":false,"sceneViewState":{"showFog":true,"showMaterialUpdate":false,"showSkybox":true,"showFlares":true,"showImageEffects":true,"showParticleSystems":true},"in2DMode":false,"pivot":{"x":18.035804748535158,"y":14.048605918884278,"z":-0.38200488686561587},"rotation":{"x":-0.0975128635764122,"y":0.6847255825996399,"z":-0.09321491420269013,"w":-0.7162307500839233},"size":5.395123481750488,"orthographic":false}