{"cameraMode":{"drawMode":0,"name":"Shaded","section":"Shading Mode"},"sceneLighting":true,"audioPlay":false,"sceneViewState":{"showFog":true,"showMaterialUpdate":false,"showSkybox":true,"showFlares":true,"showImageEffects":true,"showParticleSystems":true},"in2DMode":false,"pivot":{"x":-13.949127197265625,"y":20.302978515625,"z":25.418697357177736},"rotation":{"x":-0.10483308136463165,"y":-0.5641993284225464,"z":0.07250428199768067,"w":-0.81574946641922},"size":124.20401763916016,"orthographic":false}