{"cameraMode":{"drawMode":0,"name":"Shaded","section":"Shading Mode"},"sceneLighting":true,"audioPlay":false,"sceneViewState":{"showFog":true,"showMaterialUpdate":false,"showSkybox":true,"showFlares":true,"showImageEffects":true,"showParticleSystems":true},"in2DMode":false,"pivot":{"x":1319.410888671875,"y":-88.56161499023438,"z":622.8829345703125},"rotation":{"x":-0.05618750676512718,"y":-0.49680227041244509,"z":0.03221036493778229,"w":-0.8654797077178955},"size":1392.629638671875,"orthographic":false}