{"cameraMode":{"drawMode":0,"name":"Shaded","section":"Shading Mode"},"sceneLighting":true,"audioPlay":false,"sceneViewState":{"showFog":true,"showMaterialUpdate":false,"showSkybox":true,"showFlares":true,"showImageEffects":true,"showParticleSystems":true},"in2DMode":false,"pivot":{"x":23.10010528564453,"y":16.175926208496095,"z":3.78054141998291},"rotation":{"x":-0.09888873994350434,"y":0.6652716994285584,"z":-0.0895531103014946,"w":-0.7346012592315674},"size":5.395123481750488,"orthographic":false}