{"cameraMode":{"drawMode":0,"name":"Shaded","section":"Shading Mode"},"sceneLighting":true,"audioPlay":false,"sceneViewState":{"showFog":true,"showMaterialUpdate":false,"showSkybox":true,"showFlares":true,"showImageEffects":true,"showParticleSystems":true},"in2DMode":false,"pivot":{"x":-24.353515625,"y":11.595977783203125,"z":-164.32798767089845},"rotation":{"x":-0.15943586826324464,"y":0.6827946305274963,"z":-0.15649738907814027,"w":-0.6956157088279724},"size":452.0578918457031,"orthographic":false}