{"cameraMode":{"drawMode":0,"name":"Shaded","section":"Shading Mode"},"sceneLighting":true,"audioPlay":false,"sceneViewState":{"showFog":true,"showMaterialUpdate":false,"showSkybox":false,"showFlares":true,"showImageEffects":true,"showParticleSystems":true},"in2DMode":false,"pivot":{"x":16.31365203857422,"y":25.099262237548829,"z":-26.66411781311035},"rotation":{"x":0.16388100385665894,"y":0.7442539930343628,"z":-0.19783568382263184,"w":0.6165162324905396},"size":9.402440071105957,"orthographic":false}