{"cameraMode":{"drawMode":0,"name":"Shaded","section":"Shading Mode"},"sceneLighting":false,"audioPlay":false,"sceneViewState":{"showFog":true,"showMaterialUpdate":false,"showSkybox":false,"showFlares":true,"showImageEffects":true,"showParticleSystems":true},"in2DMode":false,"pivot":{"x":2.384185791015625e-7,"y":5.159997463226318,"z":-2.384185791015625e-7},"rotation":{"x":0.08273039758205414,"y":-0.8170723915100098,"z":0.12124103307723999,"w":0.5575411319732666},"size":16.417299270629884,"orthographic":false}