{"cameraMode":{"drawMode":0,"name":"Shaded","section":"Shading Mode"},"sceneLighting":true,"audioPlay":false,"sceneViewState":{"showFog":true,"showMaterialUpdate":false,"showSkybox":true,"showFlares":true,"showImageEffects":true,"showParticleSystems":true},"in2DMode":false,"pivot":{"x":-10.221353530883789,"y":9.139144897460938,"z":-17.68259048461914},"rotation":{"x":0.013212683610618115,"y":0.505042552947998,"z":-0.007732652593404055,"w":0.8629657626152039},"size":22.0,"orthographic":false}