{"cameraMode":{"drawMode":0,"name":"Shaded","section":"Shading Mode"},"sceneLighting":true,"audioPlay":false,"sceneViewState":{"showFog":true,"showMaterialUpdate":false,"showSkybox":true,"showFlares":true,"showImageEffects":true,"showParticleSystems":true},"in2DMode":false,"pivot":{"x":23.56629753112793,"y":26.200214385986329,"z":-1.646256446838379},"rotation":{"x":0.23339800536632539,"y":0.24058428406715394,"z":-0.0597192756831646,"w":0.9402587413787842},"size":47.90837097167969,"orthographic":false}