{"cameraMode":{"drawMode":0,"name":"Shaded","section":"Shading Mode"},"sceneLighting":true,"audioPlay":false,"sceneViewState":{"showFog":true,"showMaterialUpdate":false,"showSkybox":true,"showFlares":true,"showImageEffects":true,"showParticleSystems":true},"in2DMode":false,"pivot":{"x":-15.130000114440918,"y":90.62000274658203,"z":-169.1699981689453},"rotation":{"x":0.23339800536632539,"y":0.24058428406715394,"z":-0.0597192756831646,"w":0.9402587413787842},"size":34.05561447143555,"orthographic":false}