{"cameraMode":{"drawMode":0,"name":"Shaded","section":"Shading Mode"},"sceneLighting":false,"audioPlay":false,"sceneViewState":{"showFog":true,"showMaterialUpdate":false,"showSkybox":false,"showFlares":true,"showImageEffects":true,"showParticleSystems":true},"in2DMode":false,"pivot":{"x":6.360000133514404,"y":1.9519999027252198,"z":0.0},"rotation":{"x":0.009091765619814396,"y":0.9844169616699219,"z":-0.16726933419704438,"w":0.05350722372531891},"size":6.001555442810059,"orthographic":false}