{"cameraMode":{"drawMode":0,"name":"Shaded","section":"Shading Mode"},"sceneLighting":true,"audioPlay":false,"sceneViewState":{"showFog":true,"showMaterialUpdate":false,"showSkybox":true,"showFlares":true,"showImageEffects":true,"showParticleSystems":true},"in2DMode":false,"pivot":{"x":4.808013916015625,"y":140.67161560058595,"z":-145.19873046875},"rotation":{"x":-0.05855888873338699,"y":0.6842737197875977,"z":0.05539089813828468,"w":0.7248198986053467},"size":72.33572387695313,"orthographic":false}