{"cameraMode":{"drawMode":0,"name":"Shaded","section":"Shading Mode"},"sceneLighting":true,"audioPlay":false,"sceneViewState":{"showFog":true,"showMaterialUpdate":false,"showSkybox":true,"showFlares":true,"showImageEffects":true,"showParticleSystems":true},"in2DMode":false,"pivot":{"x":-60.034912109375,"y":122.3262710571289,"z":-152.2190704345703},"rotation":{"x":-0.0006447273190133274,"y":-0.8391416668891907,"z":-0.001001376542262733,"w":0.5439328551292419},"size":10.428839683532715,"orthographic":false}