{"cameraMode":{"drawMode":0,"name":"Shaded","section":"Shading Mode"},"sceneLighting":true,"audioPlay":false,"sceneViewState":{"showFog":true,"showMaterialUpdate":false,"showSkybox":true,"showFlares":true,"showImageEffects":true,"showParticleSystems":true},"in2DMode":false,"pivot":{"x":-22.634876251220704,"y":116.6081771850586,"z":-151.00120544433595},"rotation":{"x":-0.17670096457004548,"y":-0.6459540724754334,"z":0.15727464854717256,"w":-0.7258530855178833},"size":17.22742462158203,"orthographic":false}