{"cameraMode":{"drawMode":0,"name":"Shaded","section":"Shading Mode"},"sceneLighting":true,"audioPlay":false,"sceneViewState":{"showFog":true,"showMaterialUpdate":false,"showSkybox":true,"showFlares":true,"showImageEffects":true,"showParticleSystems":true},"in2DMode":false,"pivot":{"x":107.61479187011719,"y":133.68238830566407,"z":-149.45162963867188},"rotation":{"x":0.0012565325014293194,"y":0.7278512120246887,"z":-0.0013036859454587103,"w":0.6857981085777283},"size":72.33572387695313,"orthographic":false}