{"cameraMode":{"drawMode":0,"name":"Shaded","section":"Shading Mode"},"sceneLighting":true,"audioPlay":false,"sceneViewState":{"showFog":true,"showMaterialUpdate":false,"showSkybox":true,"showFlares":true,"showImageEffects":true,"showParticleSystems":true},"in2DMode":false,"pivot":{"x":73.57585144042969,"y":92.60865783691406,"z":-185.2555389404297},"rotation":{"x":0.007887749001383782,"y":-0.4197995364665985,"z":-0.003647915553301573,"w":-0.907617449760437},"size":16.924474716186525,"orthographic":false}