{"cameraMode":{"drawMode":0,"name":"Shaded","section":"Shading Mode"},"sceneLighting":true,"audioPlay":false,"sceneViewState":{"showFog":true,"showMaterialUpdate":false,"showSkybox":true,"showFlares":true,"showImageEffects":true,"showParticleSystems":true},"in2DMode":false,"pivot":{"x":82.24862670898438,"y":11.891395568847657,"z":152.39193725585938},"rotation":{"x":-0.03724311664700508,"y":0.9509401917457581,"z":-0.1265578269958496,"w":-0.2798411250114441},"size":186.9105224609375,"orthographic":false}