{"cameraMode":{"drawMode":0,"name":"Shaded","section":"Shading Mode"},"sceneLighting":true,"audioPlay":false,"sceneViewState":{"showFog":true,"showMaterialUpdate":false,"showSkybox":false,"showFlares":true,"showImageEffects":true,"showParticleSystems":true},"in2DMode":false,"pivot":{"x":29.618419647216798,"y":28.01889991760254,"z":-4.296957969665527},"rotation":{"x":-0.0414765365421772,"y":0.909920334815979,"z":0.09597986191511154,"w":0.40269264578819277},"size":14.043643951416016,"orthographic":false}