{"cameraMode":{"drawMode":0,"name":"Shaded","section":"Shading Mode"},"sceneLighting":true,"audioPlay":false,"sceneViewState":{"showFog":true,"showMaterialUpdate":false,"showSkybox":true,"showFlares":true,"showImageEffects":true,"showParticleSystems":true},"in2DMode":false,"pivot":{"x":169.25486755371095,"y":-67.45646667480469,"z":5.086187362670898},"rotation":{"x":-0.20396453142166139,"y":-0.6507837772369385,"z":0.18766656517982484,"w":-0.7070279717445374},"size":188.99374389648438,"orthographic":false}