{"cameraMode":{"drawMode":0,"name":"Shaded","section":"Shading Mode"},"sceneLighting":true,"audioPlay":false,"sceneViewState":{"showFog":true,"showMaterialUpdate":false,"showSkybox":true,"showFlares":true,"showImageEffects":true,"showParticleSystems":true},"in2DMode":false,"pivot":{"x":-102.4675064086914,"y":134.23289489746095,"z":-142.800048828125},"rotation":{"x":-0.008149205707013607,"y":-0.7947984337806702,"z":0.011155334301292897,"w":-0.6069904565811157},"size":11.799463272094727,"orthographic":false}