{"cameraMode":{"drawMode":0,"name":"Shaded","section":"Shading Mode"},"sceneLighting":true,"audioPlay":false,"sceneViewState":{"showFog":true,"showMaterialUpdate":false,"showSkybox":false,"showFlares":true,"showImageEffects":true,"showParticleSystems":true},"in2DMode":false,"pivot":{"x":12.668241500854493,"y":26.560848236083986,"z":-28.902793884277345},"rotation":{"x":-0.05069423094391823,"y":0.9460742473602295,"z":-0.26231738924980166,"w":-0.18605323135852815},"size":14.043643951416016,"orthographic":false}