{"cameraMode":{"drawMode":0,"name":"Shaded","section":"Shading Mode"},"sceneLighting":true,"audioPlay":false,"sceneViewState":{"showFog":true,"showMaterialUpdate":false,"showSkybox":false,"showFlares":true,"showImageEffects":true,"showParticleSystems":true},"in2DMode":false,"pivot":{"x":728.8152465820313,"y":-333.8221740722656,"z":480.5851745605469},"rotation":{"x":-0.18177303671836854,"y":-0.474357008934021,"z":0.09983086585998535,"w":-0.85605388879776},"size":950.8766479492188,"orthographic":false}