{"cameraMode":{"drawMode":0,"name":"Shaded","section":"Shading Mode"},"sceneLighting":true,"audioPlay":false,"sceneViewState":{"showFog":true,"showMaterialUpdate":false,"showSkybox":true,"showFlares":true,"showImageEffects":true,"showParticleSystems":true},"in2DMode":false,"pivot":{"x":-80.80746459960938,"y":2.5998454093933107,"z":-158.1016387939453},"rotation":{"x":0.022273223847150804,"y":-0.950245201587677,"z":0.07030688971281052,"w":0.30302733182907107},"size":188.99374389648438,"orthographic":false}