{"cameraMode":{"drawMode":0,"name":"Shaded","section":"Shading Mode"},"sceneLighting":true,"audioPlay":false,"sceneViewState":{"showFog":true,"showMaterialUpdate":false,"showSkybox":true,"showFlares":true,"showImageEffects":true,"showParticleSystems":true},"in2DMode":false,"pivot":{"x":154.30885314941407,"y":25.201454162597658,"z":1.2569398880004883},"rotation":{"x":0.04261806234717369,"y":0.6769660115242004,"z":-0.031722281128168109,"w":0.735427975654602},"size":155.5126190185547,"orthographic":false}