{"cameraMode":{"drawMode":0,"name":"Shaded","section":"Shading Mode"},"sceneLighting":true,"audioPlay":false,"sceneViewState":{"showFog":true,"showMaterialUpdate":false,"showSkybox":false,"showFlares":true,"showImageEffects":true,"showParticleSystems":true},"in2DMode":false,"pivot":{"x":-24.87605857849121,"y":30.055133819580079,"z":45.032676696777347},"rotation":{"x":-0.16262753307819367,"y":0.39581096172332766,"z":-0.07224652916193009,"w":-0.9015108346939087},"size":35.48919677734375,"orthographic":false}