{"cameraMode":{"drawMode":0,"name":"Shaded","section":"Shading Mode"},"sceneLighting":true,"audioPlay":false,"sceneViewState":{"showFog":true,"showMaterialUpdate":false,"showSkybox":true,"showFlares":true,"showImageEffects":true,"showParticleSystems":true},"in2DMode":false,"pivot":{"x":-7.193027019500732,"y":47.887176513671878,"z":-39.57555389404297},"rotation":{"x":0.13405029475688935,"y":-0.7899529933929443,"z":0.18603581190109254,"w":0.5690653324127197},"size":24.533327102661134,"orthographic":false}