{"cameraMode":{"drawMode":0,"name":"Shaded","section":"Shading Mode"},"sceneLighting":true,"audioPlay":false,"sceneViewState":{"showFog":true,"showMaterialUpdate":false,"showSkybox":true,"showFlares":true,"showImageEffects":true,"showParticleSystems":true},"in2DMode":false,"pivot":{"x":18.374357223510743,"y":34.30560302734375,"z":-11.32308578491211},"rotation":{"x":-0.04851723089814186,"y":-0.9251188039779663,"z":0.10679927468299866,"w":-0.3635609745979309},"size":26.129262924194337,"orthographic":false}