{"cameraMode":{"drawMode":0,"name":"Shaded","section":"Shading Mode"},"sceneLighting":true,"audioPlay":false,"sceneViewState":{"showFog":true,"showMaterialUpdate":false,"showSkybox":true,"showFlares":true,"showImageEffects":true,"showParticleSystems":true},"in2DMode":false,"pivot":{"x":16.96164894104004,"y":40.5523681640625,"z":-7.57145881652832},"rotation":{"x":0.012904740869998932,"y":0.9847050905227661,"z":-0.17621099948883058,"w":0.035499606281518939},"size":22.0,"orthographic":false}