{"cameraMode":{"drawMode":0,"name":"Shaded","section":"Shading Mode"},"sceneLighting":true,"audioPlay":false,"sceneViewState":{"showFog":true,"showMaterialUpdate":false,"showSkybox":false,"showFlares":true,"showImageEffects":true,"showParticleSystems":true},"in2DMode":false,"pivot":{"x":-12.95500373840332,"y":-579.57373046875,"z":433.3387756347656},"rotation":{"x":-0.44482240080833437,"y":0.010100853629410267,"z":-0.005888005252927542,"w":-0.8960180878639221},"size":950.8766479492188,"orthographic":false}