{"cameraMode":{"drawMode":0,"name":"Shaded","section":"Shading Mode"},"sceneLighting":false,"audioPlay":false,"sceneViewState":{"showFog":true,"showMaterialUpdate":false,"showSkybox":false,"showFlares":true,"showImageEffects":true,"showParticleSystems":true},"in2DMode":false,"pivot":{"x":6.3600006103515629,"y":1.9520001411437989,"z":0.0},"rotation":{"x":-0.2557949125766754,"y":-0.30794867873191836,"z":0.08626683801412583,"w":-0.9124260544776917},"size":30.007781982421876,"orthographic":false}