{"cameraMode":{"drawMode":0,"name":"Shaded","section":"Shading Mode"},"sceneLighting":true,"audioPlay":false,"sceneViewState":{"showFog":true,"showMaterialUpdate":false,"showSkybox":true,"showFlares":true,"showImageEffects":true,"showParticleSystems":true},"in2DMode":false,"pivot":{"x":23.217561721801759,"y":47.013004302978519,"z":-17.071374893188478},"rotation":{"x":-0.14515727758407594,"y":-0.638392448425293,"z":0.12683060765266419,"w":-0.7462180852890015},"size":22.0,"orthographic":false}