{"cameraMode":{"drawMode":0,"name":"Shaded","section":"Shading Mode"},"sceneLighting":true,"audioPlay":false,"sceneViewState":{"showFog":true,"showMaterialUpdate":false,"showSkybox":false,"showFlares":true,"showImageEffects":true,"showParticleSystems":true},"in2DMode":false,"pivot":{"x":640.9608764648438,"y":346.72216796875,"z":-373.6106262207031},"rotation":{"x":-0.0936928391456604,"y":0.8507893681526184,"z":0.1592356562614441,"w":0.4933592975139618},"size":800.2074584960938,"orthographic":false}