{"cameraMode":{"drawMode":0,"name":"Shaded","section":"Shading Mode"},"sceneLighting":true,"audioPlay":false,"sceneViewState":{"showFog":true,"showMaterialUpdate":false,"showSkybox":false,"showFlares":true,"showImageEffects":true,"showParticleSystems":true},"in2DMode":false,"pivot":{"x":2.779998779296875,"y":54.83000183105469,"z":-9.839996337890625},"rotation":{"x":0.0006652754964306951,"y":-0.2860817611217499,"z":-0.0011429705191403628,"w":0.9589217901229858},"size":800.2074584960938,"orthographic":false}