{"cameraMode":{"drawMode":0,"name":"Shaded","section":"Shading Mode"},"sceneLighting":false,"audioPlay":false,"sceneViewState":{"showFog":true,"showMaterialUpdate":false,"showSkybox":false,"showFlares":true,"showImageEffects":true,"showParticleSystems":true},"in2DMode":false,"pivot":{"x":15.481393814086914,"y":25.751375198364259,"z":-23.63841438293457},"rotation":{"x":-0.06450808793306351,"y":-0.5224442481994629,"z":0.030268069356679918,"w":-0.8511369824409485},"size":7.29207181930542,"orthographic":false}