{"cameraMode":{"drawMode":0,"name":"Shaded","section":"Shading Mode"},"sceneLighting":false,"audioPlay":false,"sceneViewState":{"showFog":true,"showMaterialUpdate":false,"showSkybox":false,"showFlares":true,"showImageEffects":true,"showParticleSystems":true},"in2DMode":false,"pivot":{"x":-52.17023849487305,"y":28.040721893310548,"z":-4.880340576171875},"rotation":{"x":-0.009633135050535202,"y":0.9900953769683838,"z":-0.08666549623012543,"w":-0.11005256325006485},"size":155.5126190185547,"orthographic":false}