{"cameraMode":{"drawMode":0,"name":"Shaded","section":"Shading Mode"},"sceneLighting":true,"audioPlay":false,"sceneViewState":{"showFog":true,"showMaterialUpdate":false,"showSkybox":true,"showFlares":true,"showImageEffects":true,"showParticleSystems":true},"in2DMode":false,"pivot":{"x":-11.494027137756348,"y":19.494108200073243,"z":17.55621337890625},"rotation":{"x":-0.04103374108672142,"y":-0.6978685855865479,"z":0.03997613117098808,"w":-0.7141885161399841},"size":100.69316864013672,"orthographic":false}