{"cameraMode":{"drawMode":0,"name":"Shaded","section":"Shading Mode"},"sceneLighting":false,"audioPlay":false,"sceneViewState":{"showFog":true,"showMaterialUpdate":false,"showSkybox":false,"showFlares":true,"showImageEffects":true,"showParticleSystems":true},"in2DMode":false,"pivot":{"x":45.16999816894531,"y":30.014413833618165,"z":-10.239999771118164},"rotation":{"x":-0.1031271368265152,"y":-0.7882795333862305,"z":0.13759969174861909,"w":-0.5908468961715698},"size":15.871429443359375,"orthographic":false}