{"cameraMode":{"drawMode":0,"name":"Shaded","section":"Shading Mode"},"sceneLighting":true,"audioPlay":false,"sceneViewState":{"showFog":true,"showMaterialUpdate":false,"showSkybox":false,"showFlares":true,"showImageEffects":true,"showParticleSystems":true},"in2DMode":false,"pivot":{"x":2.779998779296875,"y":54.83000183105469,"z":-9.839996337890625},"rotation":{"x":0.04864829406142235,"y":0.10088362544775009,"z":-0.0048143272288143639,"w":0.9937530755996704},"size":800.2074584960938,"orthographic":false}