{"cameraMode":{"drawMode":0,"name":"Shaded","section":"Shading Mode"},"sceneLighting":false,"audioPlay":false,"sceneViewState":{"showFog":true,"showMaterialUpdate":false,"showSkybox":false,"showFlares":true,"showImageEffects":true,"showParticleSystems":true},"in2DMode":false,"pivot":{"x":13.662023544311524,"y":25.95504379272461,"z":-24.787124633789064},"rotation":{"x":0.14915704727172852,"y":0.655324399471283,"z":-0.1340562254190445,"w":0.7283246517181397},"size":9.923502922058106,"orthographic":false}