{"cameraMode":{"drawMode":0,"name":"Shaded","section":"Shading Mode"},"sceneLighting":true,"audioPlay":false,"sceneViewState":{"showFog":true,"showMaterialUpdate":false,"showSkybox":true,"showFlares":true,"showImageEffects":true,"showParticleSystems":true},"in2DMode":false,"pivot":{"x":74.25701141357422,"y":102.27093505859375,"z":-228.07125854492188},"rotation":{"x":-0.01228022389113903,"y":0.9876113533973694,"z":-0.11849471181631088,"w":-0.10296180844306946},"size":42.789241790771487,"orthographic":false}