{"cameraMode":{"drawMode":0,"name":"Shaded","section":"Shading Mode"},"sceneLighting":false,"audioPlay":false,"sceneViewState":{"showFog":true,"showMaterialUpdate":false,"showSkybox":false,"showFlares":true,"showImageEffects":true,"showParticleSystems":true},"in2DMode":false,"pivot":{"x":93.9000244140625,"y":93.66998291015625,"z":-84.0999755859375},"rotation":{"x":0.11664161086082459,"y":0.5418444871902466,"z":-0.07625259459018707,"w":0.8288463354110718},"size":4547.62060546875,"orthographic":false}