{"cameraMode":{"drawMode":0,"name":"Shaded","section":"Shading Mode"},"sceneLighting":false,"audioPlay":false,"sceneViewState":{"showFog":true,"showMaterialUpdate":false,"showSkybox":false,"showFlares":true,"showImageEffects":true,"showParticleSystems":true},"in2DMode":false,"pivot":{"x":81.15059661865235,"y":94.75003814697266,"z":-70.42749786376953},"rotation":{"x":0.08016421645879746,"y":-0.8468462824821472,"z":0.13345228135585786,"w":0.5085967183113098},"size":99.1825180053711,"orthographic":false}