{"cameraMode":{"drawMode":0,"name":"Shaded","section":"Shading Mode"},"sceneLighting":false,"audioPlay":false,"sceneViewState":{"showFog":true,"showMaterialUpdate":false,"showSkybox":false,"showFlares":true,"showImageEffects":true,"showParticleSystems":true},"in2DMode":false,"pivot":{"x":6.360000133514404,"y":1.9519999027252198,"z":0.0},"rotation":{"x":0.11664161086082459,"y":0.5418444871902466,"z":-0.07625259459018707,"w":0.8288463354110718},"size":13.35645866394043,"orthographic":false}