{"cameraMode":{"drawMode":0,"name":"Shaded","section":"Shading Mode"},"sceneLighting":false,"audioPlay":false,"sceneViewState":{"showFog":true,"showMaterialUpdate":false,"showSkybox":false,"showFlares":true,"showImageEffects":true,"showParticleSystems":true},"in2DMode":false,"pivot":{"x":-3.4109883308410646,"y":1.703179955482483,"z":9.777204513549805},"rotation":{"x":0.12674014270305634,"y":0.10542789101600647,"z":-0.01354844681918621,"w":0.9862261414527893},"size":6.561835289001465,"orthographic":false}