{"cameraMode":{"drawMode":0,"name":"Shaded","section":"Shading Mode"},"sceneLighting":false,"audioPlay":false,"sceneViewState":{"showFog":true,"showMaterialUpdate":false,"showSkybox":true,"showFlares":true,"showImageEffects":true,"showParticleSystems":true},"in2DMode":false,"pivot":{"x":-40.151466369628909,"y":2.918855667114258,"z":-62.88569641113281},"rotation":{"x":-0.013798292726278305,"y":-0.9872148036956787,"z":0.11054198443889618,"w":-0.11595750600099564},"size":113.91860961914063,"orthographic":false}