{"cameraMode":{"drawMode":0,"name":"Shaded","section":"Shading Mode"},"sceneLighting":true,"audioPlay":false,"sceneViewState":{"showFog":true,"showMaterialUpdate":false,"showSkybox":true,"showFlares":true,"showImageEffects":true,"showParticleSystems":true},"in2DMode":false,"pivot":{"x":-71.98719024658203,"y":30.130760192871095,"z":57.25706481933594},"rotation":{"x":-0.2848115563392639,"y":0.1819039136171341,"z":-0.05762053653597832,"w":-0.940172553062439},"size":77.17870330810547,"orthographic":false}