{"cameraMode":{"drawMode":0,"name":"Shaded","section":"Shading Mode"},"sceneLighting":false,"audioPlay":false,"sceneViewState":{"showFog":true,"showMaterialUpdate":false,"showSkybox":true,"showFlares":true,"showImageEffects":true,"showParticleSystems":true},"in2DMode":false,"pivot":{"x":-83.43510437011719,"y":35.44137954711914,"z":49.5601692199707},"rotation":{"x":0.17331692576408387,"y":-0.141464501619339,"z":0.026130443438887597,"w":0.9747488498687744},"size":77.19638061523438,"orthographic":false}