{"cameraMode":{"drawMode":0,"name":"Shaded","section":"Shading Mode"},"sceneLighting":false,"audioPlay":false,"sceneViewState":{"showFog":true,"showMaterialUpdate":false,"showSkybox":true,"showFlares":true,"showImageEffects":true,"showParticleSystems":true},"in2DMode":false,"pivot":{"x":-75.54429626464844,"y":28.296939849853517,"z":12.878421783447266},"rotation":{"x":-0.12026607245206833,"y":-0.8612760305404663,"z":0.2371780276298523,"w":-0.43350768089294436},"size":113.91860961914063,"orthographic":false}