{"cameraMode":{"drawMode":0,"name":"Shaded","section":"Shading Mode"},"sceneLighting":true,"audioPlay":false,"sceneViewState":{"showFog":true,"showMaterialUpdate":false,"showSkybox":true,"showFlares":true,"showImageEffects":true,"showParticleSystems":true},"in2DMode":false,"pivot":{"x":-76.24867248535156,"y":-6.3544769287109379,"z":82.13163757324219},"rotation":{"x":0.1833309382200241,"y":0.18601687252521516,"z":-0.03535136207938194,"w":0.9646471738815308},"size":169.72784423828126,"orthographic":false}