{"cameraMode":{"drawMode":0,"name":"Shaded","section":"Shading Mode"},"sceneLighting":false,"audioPlay":false,"sceneViewState":{"showFog":true,"showMaterialUpdate":false,"showSkybox":true,"showFlares":true,"showImageEffects":true,"showParticleSystems":true},"in2DMode":false,"pivot":{"x":-89.40699005126953,"y":59.36947250366211,"z":22.551313400268556},"rotation":{"x":0.15881896018981934,"y":-0.18251115083694459,"z":0.029865775257349016,"w":0.9698581695556641},"size":25.100717544555665,"orthographic":false}