{"cameraMode":{"drawMode":0,"name":"Shaded","section":"Shading Mode"},"sceneLighting":false,"audioPlay":false,"sceneViewState":{"showFog":true,"showMaterialUpdate":false,"showSkybox":true,"showFlares":true,"showImageEffects":true,"showParticleSystems":true},"in2DMode":false,"pivot":{"x":-100.49748229980469,"y":34.79920959472656,"z":89.36731719970703},"rotation":{"x":0.2724236249923706,"y":-0.31548622250556948,"z":0.09659339487552643,"w":0.9042664766311646},"size":75.1613540649414,"orthographic":false}