{"cameraMode":{"drawMode":0,"name":"Shaded","section":"Shading Mode"},"sceneLighting":true,"audioPlay":false,"sceneViewState":{"showFog":true,"showMaterialUpdate":false,"showSkybox":true,"showFlares":true,"showImageEffects":true,"showParticleSystems":true},"in2DMode":false,"pivot":{"x":-85.33916473388672,"y":37.774383544921878,"z":56.90651321411133},"rotation":{"x":-0.04824981093406677,"y":0.9023962020874023,"z":-0.11033760011196137,"w":-0.415556401014328},"size":12.668252944946289,"orthographic":false}