{"cameraMode":{"drawMode":0,"name":"Shaded","section":"Shading Mode"},"sceneLighting":false,"audioPlay":false,"sceneViewState":{"showFog":true,"showMaterialUpdate":false,"showSkybox":false,"showFlares":true,"showImageEffects":true,"showParticleSystems":true},"in2DMode":false,"pivot":{"x":0.8255615234375,"y":48.853057861328128,"z":27.13500213623047},"rotation":{"x":0.17231521010398866,"y":-0.7040992379188538,"z":0.18264304101467133,"w":0.6642580628395081},"size":460.1192932128906,"orthographic":false}