{"cameraMode":{"drawMode":0,"name":"Shaded","section":"Shading Mode"},"sceneLighting":true,"audioPlay":false,"sceneViewState":{"showFog":true,"showMaterialUpdate":false,"showSkybox":true,"showFlares":true,"showImageEffects":true,"showParticleSystems":true},"in2DMode":false,"pivot":{"x":95.01998901367188,"y":32.00617599487305,"z":-5.535253047943115},"rotation":{"x":0.0009806177113205195,"y":-0.6600998044013977,"z":-0.0006866969633847475,"w":-0.751240074634552},"size":75.15115356445313,"orthographic":false}