{"cameraMode":{"drawMode":0,"name":"Shaded","section":"Shading Mode"},"sceneLighting":false,"audioPlay":false,"sceneViewState":{"showFog":true,"showMaterialUpdate":false,"showSkybox":true,"showFlares":true,"showImageEffects":true,"showParticleSystems":true},"in2DMode":false,"pivot":{"x":72.71365356445313,"y":97.34819030761719,"z":-82.63849639892578},"rotation":{"x":0.0490918830037117,"y":-0.8646501898765564,"z":0.08614130318164826,"w":0.49253207445144656},"size":39.434688568115237,"orthographic":false}