{"cameraMode":{"drawMode":0,"name":"Shaded","section":"Shading Mode"},"sceneLighting":false,"audioPlay":false,"sceneViewState":{"showFog":true,"showMaterialUpdate":false,"showSkybox":false,"showFlares":true,"showImageEffects":true,"showParticleSystems":true},"in2DMode":false,"pivot":{"x":6.9246931076049809,"y":89.07937622070313,"z":-169.3096466064453},"rotation":{"x":-0.19640469551086427,"y":-0.4296407401561737,"z":0.09700340032577515,"w":-0.8762081265449524},"size":83.74518585205078,"orthographic":false}