{"cameraMode":{"drawMode":0,"name":"Shaded","section":"Shading Mode"},"sceneLighting":true,"audioPlay":false,"sceneViewState":{"showFog":true,"showMaterialUpdate":false,"showSkybox":true,"showFlares":true,"showImageEffects":true,"showParticleSystems":true},"in2DMode":false,"pivot":{"x":-22.668943405151368,"y":67.15545654296875,"z":20.206459045410158},"rotation":{"x":0.16156692802906037,"y":0.43499162793159487,"z":0.07981768995523453,"w":-0.8822618722915649},"size":75.15115356445313,"orthographic":false}