{"cameraMode":{"drawMode":0,"name":"Shaded","section":"Shading Mode"},"sceneLighting":false,"audioPlay":false,"sceneViewState":{"showFog":true,"showMaterialUpdate":false,"showSkybox":true,"showFlares":true,"showImageEffects":true,"showParticleSystems":true},"in2DMode":false,"pivot":{"x":106.54769897460938,"y":94.76345825195313,"z":-239.68295288085938},"rotation":{"x":0.09577465057373047,"y":-0.08946961909532547,"z":0.008623029105365277,"w":0.9913538098335266},"size":6.368294715881348,"orthographic":false}