{"cameraMode":{"drawMode":0,"name":"Shaded","section":"Shading Mode"},"sceneLighting":false,"audioPlay":false,"sceneViewState":{"showFog":true,"showMaterialUpdate":false,"showSkybox":true,"showFlares":true,"showImageEffects":true,"showParticleSystems":true},"in2DMode":false,"pivot":{"x":6.9246931076049809,"y":89.07937622070313,"z":-169.3096466064453},"rotation":{"x":-0.22110553085803986,"y":-0.0849841982126236,"z":0.019372040405869485,"w":-0.9713816046714783},"size":14.557540893554688,"orthographic":false}