{"cameraMode":{"drawMode":0,"name":"Shaded","section":"Shading Mode"},"sceneLighting":false,"audioPlay":false,"sceneViewState":{"showFog":true,"showMaterialUpdate":false,"showSkybox":true,"showFlares":true,"showImageEffects":true,"showParticleSystems":true},"in2DMode":false,"pivot":{"x":37.2844123840332,"y":95.94270324707031,"z":-61.424163818359378},"rotation":{"x":-0.12137731909751892,"y":0.047367699444293979,"z":-0.0057292780838906769,"w":-0.9914987087249756},"size":54.83289337158203,"orthographic":false}