{"cameraMode":{"drawMode":0,"name":"Shaded","section":"Shading Mode"},"sceneLighting":false,"audioPlay":false,"sceneViewState":{"showFog":true,"showMaterialUpdate":false,"showSkybox":true,"showFlares":true,"showImageEffects":true,"showParticleSystems":true},"in2DMode":false,"pivot":{"x":107.46492004394531,"y":90.35342407226563,"z":-247.8280792236328},"rotation":{"x":0.016804208979010583,"y":-0.02250049263238907,"z":0.0003755621728487313,"w":0.9996095299720764},"size":25.49013900756836,"orthographic":false}