{"cameraMode":{"drawMode":0,"name":"Shaded","section":"Shading Mode"},"sceneLighting":true,"audioPlay":false,"sceneViewState":{"showFog":true,"showMaterialUpdate":false,"showSkybox":true,"showFlares":true,"showImageEffects":true,"showParticleSystems":true},"in2DMode":false,"pivot":{"x":-31.44731903076172,"y":-49.398658752441409,"z":80.50434875488281},"rotation":{"x":-0.1335362046957016,"y":0.8131897449493408,"z":-0.20574510097503663,"w":-0.5277920961380005},"size":189.45089721679688,"orthographic":false}