{"cameraMode":{"drawMode":0,"name":"Shaded","section":"Shading Mode"},"sceneLighting":true,"audioPlay":false,"sceneViewState":{"showFog":true,"showMaterialUpdate":false,"showSkybox":true,"showFlares":true,"showImageEffects":true,"showParticleSystems":true},"in2DMode":false,"pivot":{"x":16.086204528808595,"y":27.589052200317384,"z":-5.743084907531738},"rotation":{"x":0.08602111041545868,"y":0.7628872394561768,"z":-0.10391990840435028,"w":0.632369339466095},"size":27.099088668823243,"orthographic":false}