{"cameraMode":{"drawMode":0,"name":"Shaded","section":"Shading Mode"},"sceneLighting":true,"audioPlay":false,"sceneViewState":{"showFog":true,"showMaterialUpdate":false,"showSkybox":true,"showFlares":true,"showImageEffects":true,"showParticleSystems":true},"in2DMode":false,"pivot":{"x":20.9829044342041,"y":34.18552017211914,"z":10.336308479309082},"rotation":{"x":0.08602111041545868,"y":0.7628872394561768,"z":-0.10391990840435028,"w":0.632369339466095},"size":0.32424670457839968,"orthographic":false}