{"cameraMode":{"drawMode":0,"name":"Shaded","section":"Shading Mode"},"sceneLighting":true,"audioPlay":false,"sceneViewState":{"showFog":true,"showMaterialUpdate":false,"showSkybox":true,"showFlares":true,"showImageEffects":true,"showParticleSystems":true},"in2DMode":false,"pivot":{"x":-2.37941312789917,"y":-1.4170705080032349,"z":0.2281956523656845},"rotation":{"x":0.16603755950927735,"y":0.518018364906311,"z":-0.10328692197799683,"w":0.8327218294143677},"size":-0.06065487861633301,"orthographic":false}