{"cameraMode":{"drawMode":0,"name":"Shaded","section":"Shading Mode"},"sceneLighting":true,"audioPlay":false,"sceneViewState":{"showFog":true,"showMaterialUpdate":false,"showSkybox":true,"showFlares":true,"showImageEffects":true,"showParticleSystems":true},"in2DMode":false,"pivot":{"x":-7.15714168548584,"y":-3.129211187362671,"z":0.2584008276462555},"rotation":{"x":0.09195870161056519,"y":-0.710746169090271,"z":0.09459182620048523,"w":0.6909716129302979},"size":6.2515363693237309,"orthographic":false}