{"cameraMode":{"drawMode":0,"name":"Shaded","section":"Shading Mode"},"sceneLighting":true,"audioPlay":false,"sceneViewState":{"showFog":true,"showMaterialUpdate":false,"showSkybox":true,"showFlares":true,"showImageEffects":true,"showParticleSystems":true},"in2DMode":false,"pivot":{"x":-0.8260364532470703,"y":-0.0690765380859375,"z":0.9748163223266602},"rotation":{"x":-0.09997759014368057,"y":0.8769155144691467,"z":-0.20792460441589356,"w":-0.4216524362564087},"size":12.865174293518067,"orthographic":false}