{"cameraMode":{"drawMode":0,"name":"Shaded","section":"Shading Mode"},"sceneLighting":true,"audioPlay":false,"sceneViewState":{"showFog":true,"showMaterialUpdate":false,"showSkybox":true,"showFlares":true,"showImageEffects":true,"showParticleSystems":true},"in2DMode":false,"pivot":{"x":-3.1376171112060549,"y":4.601572036743164,"z":4.959865570068359},"rotation":{"x":-0.0007826057844795287,"y":0.9969998598098755,"z":-0.07673020660877228,"w":-0.01016890350729227},"size":10.0,"orthographic":false}