{"cameraMode":{"drawMode":0,"name":"Shaded","section":"Shading Mode"},"sceneLighting":true,"audioPlay":false,"sceneViewState":{"showFog":true,"showMaterialUpdate":false,"showSkybox":true,"showFlares":true,"showImageEffects":true,"showParticleSystems":true},"in2DMode":false,"pivot":{"x":34.33720016479492,"y":-0.7043058276176453,"z":49.84247970581055},"rotation":{"x":-0.19861380755901338,"y":-0.36999621987342837,"z":0.08140647411346436,"w":-0.9040165543556213},"size":46.36897277832031,"orthographic":false}