{"cameraMode":{"drawMode":0,"name":"Shaded","section":"Shading Mode"},"sceneLighting":true,"audioPlay":false,"sceneViewState":{"showFog":true,"showMaterialUpdate":false,"showSkybox":true,"showFlares":true,"showImageEffects":true,"showParticleSystems":true},"in2DMode":false,"pivot":{"x":-1.5967639684677125,"y":6.133250713348389,"z":48.398773193359378},"rotation":{"x":-0.030194493010640146,"y":0.9685381650924683,"z":-0.14667893946170808,"w":-0.1991482526063919},"size":393.2688903808594,"orthographic":false}