{"cameraMode":{"drawMode":0,"name":"Shaded","section":"Shading Mode"},"sceneLighting":false,"audioPlay":false,"sceneViewState":{"showFog":true,"showMaterialUpdate":false,"showSkybox":false,"showFlares":true,"showImageEffects":true,"showParticleSystems":true},"in2DMode":false,"pivot":{"x":2.384185791015625e-7,"y":3.999997615814209,"z":-2.384185791015625e-7},"rotation":{"x":-0.030194493010640146,"y":0.9685381650924683,"z":-0.14667893946170808,"w":-0.1991482526063919},"size":16.417299270629884,"orthographic":false}