{"cameraMode":{"drawMode":0,"name":"Shaded","section":"Shading Mode"},"sceneLighting":true,"audioPlay":false,"sceneViewState":{"showFog":true,"showMaterialUpdate":false,"showSkybox":true,"showFlares":true,"showImageEffects":true,"showParticleSystems":true},"in2DMode":false,"pivot":{"x":3.2786900997161867,"y":-7.513295650482178,"z":5.8902387619018559},"rotation":{"x":0.13859060406684876,"y":-0.29720261693000796,"z":0.04363582283258438,"w":0.9437275528907776},"size":35.636558532714847,"orthographic":false}