{"cameraMode":{"drawMode":0,"name":"Shaded","section":"Shading Mode"},"sceneLighting":true,"audioPlay":false,"sceneViewState":{"showFog":true,"showMaterialUpdate":false,"showSkybox":true,"showFlares":true,"showImageEffects":true,"showParticleSystems":true},"in2DMode":false,"pivot":{"x":26.41365623474121,"y":9.69492244720459,"z":20.70410919189453},"rotation":{"x":-0.01623380370438099,"y":0.9408066272735596,"z":-0.04548085480928421,"w":-0.33551856875419619},"size":18.521203994750978,"orthographic":false}