{"cameraMode":{"drawMode":0,"name":"Shaded","section":"Shading Mode"},"sceneLighting":true,"audioPlay":false,"sceneViewState":{"showFog":true,"showMaterialUpdate":false,"showSkybox":true,"showFlares":true,"showImageEffects":true,"showParticleSystems":true},"in2DMode":false,"pivot":{"x":-0.4528827667236328,"y":24.179262161254884,"z":-10.344987869262696},"rotation":{"x":-0.20489336550235749,"y":0.6268515586853027,"z":-0.17571744322776795,"w":-0.7309011220932007},"size":16.615381240844728,"orthographic":false}