{"cameraMode":{"drawMode":0,"name":"Shaded","section":"Shading Mode"},"sceneLighting":true,"audioPlay":false,"sceneViewState":{"showFog":true,"showMaterialUpdate":false,"showSkybox":true,"showFlares":true,"showImageEffects":true,"showParticleSystems":true},"in2DMode":false,"pivot":{"x":-23.69933319091797,"y":23.771623611450197,"z":1.8577041625976563},"rotation":{"x":0.03802046552300453,"y":-0.9315961599349976,"z":-0.10212870687246323,"w":-0.34682697057724},"size":158.3125457763672,"orthographic":false}