{"cameraMode":{"drawMode":0,"name":"Shaded","section":"Shading Mode"},"sceneLighting":true,"audioPlay":false,"sceneViewState":{"showFog":true,"showMaterialUpdate":false,"showSkybox":true,"showFlares":true,"showImageEffects":true,"showParticleSystems":true},"in2DMode":false,"pivot":{"x":-23.69933319091797,"y":23.771623611450197,"z":1.8577041625976563},"rotation":{"x":-0.05986582860350609,"y":-0.9364150762557983,"z":0.2838399112224579,"w":-0.19753223657608033},"size":44.79001998901367,"orthographic":false}