{"cameraMode":{"drawMode":0,"name":"Shaded","section":"Shading Mode"},"sceneLighting":true,"audioPlay":false,"sceneViewState":{"showFog":true,"showMaterialUpdate":false,"showSkybox":false,"showFlares":true,"showImageEffects":true,"showParticleSystems":true},"in2DMode":false,"pivot":{"x":68.10330963134766,"y":40.02665710449219,"z":-13.094399452209473},"rotation":{"x":0.08585824817419052,"y":0.6472811698913574,"z":-0.07370804995298386,"w":0.7538219094276428},"size":4.330860614776611,"orthographic":false}