{"cameraMode":{"drawMode":0,"name":"Shaded","section":"Shading Mode"},"sceneLighting":true,"audioPlay":false,"sceneViewState":{"showFog":true,"showMaterialUpdate":false,"showSkybox":true,"showFlares":true,"showImageEffects":true,"showParticleSystems":true},"in2DMode":false,"pivot":{"x":42.079097747802737,"y":112.04930877685547,"z":-171.63839721679688},"rotation":{"x":0.2976781725883484,"y":-0.03156153857707977,"z":0.009650561958551407,"w":0.9541818499565125},"size":-52.57701110839844,"orthographic":false}