{"cameraMode":{"drawMode":0,"name":"Shaded","section":"Shading Mode"},"sceneLighting":false,"audioPlay":false,"sceneViewState":{"showFog":true,"showMaterialUpdate":false,"showSkybox":false,"showFlares":true,"showImageEffects":true,"showParticleSystems":true},"in2DMode":false,"pivot":{"x":33.8621711730957,"y":24.93769073486328,"z":-10.312972068786621},"rotation":{"x":0.059288304299116138,"y":-0.7303231954574585,"z":0.0647573247551918,"w":0.6776410937309265},"size":15.871429443359375,"orthographic":false}