{"cameraMode":{"drawMode":0,"name":"Shaded","section":"Shading Mode"},"sceneLighting":true,"audioPlay":false,"sceneViewState":{"showFog":true,"showMaterialUpdate":false,"showSkybox":false,"showFlares":true,"showImageEffects":true,"showParticleSystems":true},"in2DMode":false,"pivot":{"x":110.50450134277344,"y":145.34600830078126,"z":-148.72727966308595},"rotation":{"x":-0.14092780649662019,"y":-0.6262648105621338,"z":0.11653773486614227,"w":-0.7579101920127869},"size":59.98816680908203,"orthographic":false}