{"cameraMode":{"drawMode":0,"name":"Shaded","section":"Shading Mode"},"sceneLighting":true,"audioPlay":false,"sceneViewState":{"showFog":true,"showMaterialUpdate":false,"showSkybox":true,"showFlares":true,"showImageEffects":true,"showParticleSystems":true},"in2DMode":false,"pivot":{"x":81.95637512207031,"y":100.9926986694336,"z":-154.8572540283203},"rotation":{"x":-0.0986480861902237,"y":0.10043357312679291,"z":-0.009989113546907902,"w":-0.9900590181350708},"size":29.82547378540039,"orthographic":false}