{"cameraMode":{"drawMode":0,"name":"Shaded","section":"Shading Mode"},"sceneLighting":true,"audioPlay":false,"sceneViewState":{"showFog":true,"showMaterialUpdate":false,"showSkybox":true,"showFlares":true,"showImageEffects":true,"showParticleSystems":true},"in2DMode":false,"pivot":{"x":84.3480224609375,"y":87.61406707763672,"z":-95.83155822753906},"rotation":{"x":0.11380934715270996,"y":-0.17197474837303163,"z":0.020015211775898935,"w":0.9783480167388916},"size":20.192110061645509,"orthographic":false}