{"cameraMode":{"drawMode":0,"name":"Shaded","section":"Shading Mode"},"sceneLighting":true,"audioPlay":false,"sceneViewState":{"showFog":true,"showMaterialUpdate":false,"showSkybox":true,"showFlares":true,"showImageEffects":true,"showParticleSystems":true},"in2DMode":false,"pivot":{"x":-93.49678039550781,"y":46.96267318725586,"z":-23.52288818359375},"rotation":{"x":0.11109369248151779,"y":-0.3762100636959076,"z":0.04546201974153519,"w":0.9188854694366455},"size":216.1620635986328,"orthographic":false}