{"cameraMode":{"drawMode":0,"name":"Shaded","section":"Shading Mode"},"sceneLighting":true,"audioPlay":false,"sceneViewState":{"showFog":true,"showMaterialUpdate":false,"showSkybox":true,"showFlares":true,"showImageEffects":true,"showParticleSystems":true},"in2DMode":false,"pivot":{"x":95.08406829833985,"y":73.6113510131836,"z":-87.86114501953125},"rotation":{"x":-0.14093558490276338,"y":-0.6581200361251831,"z":0.12696488201618195,"w":-0.7288869619369507},"size":82.54875183105469,"orthographic":false}