{"cameraMode":{"drawMode":0,"name":"Shaded","section":"Shading Mode"},"sceneLighting":true,"audioPlay":false,"sceneViewState":{"showFog":true,"showMaterialUpdate":false,"showSkybox":true,"showFlares":true,"showImageEffects":true,"showParticleSystems":true},"in2DMode":false,"pivot":{"x":-63.26310729980469,"y":144.96173095703126,"z":-147.2639617919922},"rotation":{"x":0.009576031006872654,"y":0.6269499659538269,"z":-0.007735145278275013,"w":0.7789809107780457},"size":60.673702239990237,"orthographic":false}