{"cameraMode":{"drawMode":0,"name":"Shaded","section":"Shading Mode"},"sceneLighting":true,"audioPlay":false,"sceneViewState":{"showFog":true,"showMaterialUpdate":false,"showSkybox":true,"showFlares":true,"showImageEffects":true,"showParticleSystems":true},"in2DMode":false,"pivot":{"x":59.64002227783203,"y":89.98918914794922,"z":-81.64935302734375},"rotation":{"x":-0.11651187390089035,"y":0.18130429089069367,"z":-0.021901726722717286,"w":-0.9764365553855896},"size":22.08146858215332,"orthographic":false}