{"cameraMode":{"drawMode":0,"name":"Shaded","section":"Shading Mode"},"sceneLighting":true,"audioPlay":false,"sceneViewState":{"showFog":true,"showMaterialUpdate":false,"showSkybox":true,"showFlares":true,"showImageEffects":true,"showParticleSystems":true},"in2DMode":false,"pivot":{"x":193.22250366210938,"y":112.74038696289063,"z":-141.2184600830078},"rotation":{"x":0.06927306950092316,"y":0.6759724617004395,"z":-0.0640701875090599,"w":0.7308660745620728},"size":114.12007904052735,"orthographic":false}